<?xml version="1.0" encoding="UTF-8"?>
<metadata xml:lang="en"><Esri><CreaDate>20160104</CreaDate><CreaTime>12571900</CreaTime><ArcGISFormat>1.0</ArcGISFormat><SyncOnce>FALSE</SyncOnce><DataProperties><itemProps><itemName Sync="TRUE">TOP10NL_WEGDEEL_HARTLIJn_ROTEO2000</itemName><imsContentType Sync="TRUE">002</imsContentType><itemLocation><linkage Sync="TRUE">file://\\MW-LIGTVOET\G$\New File Geodatabase.gdb</linkage><protocol Sync="TRUE">Local Area Network</protocol></itemLocation></itemProps><coordRef><type Sync="TRUE">Projected</type><geogcsn Sync="TRUE">GCS_Amersfoort</geogcsn><csUnits Sync="TRUE">Linear Unit: Meter (1.000000)</csUnits><projcsn Sync="TRUE">RD_New</projcsn><peXml Sync="TRUE">&lt;ProjectedCoordinateSystem xsi:type='typens:ProjectedCoordinateSystem' xmlns:xsi='http://www.w3.org/2001/XMLSchema-instance' xmlns:xs='http://www.w3.org/2001/XMLSchema' xmlns:typens='http://www.esri.com/schemas/ArcGIS/10.3'&gt;&lt;WKT&gt;PROJCS[&amp;quot;RD_New&amp;quot;,GEOGCS[&amp;quot;GCS_Amersfoort&amp;quot;,DATUM[&amp;quot;D_Amersfoort&amp;quot;,SPHEROID[&amp;quot;Bessel_1841&amp;quot;,6377397.155,299.1528128]],PRIMEM[&amp;quot;Greenwich&amp;quot;,0.0],UNIT[&amp;quot;Degree&amp;quot;,0.0174532925199433]],PROJECTION[&amp;quot;Double_Stereographic&amp;quot;],PARAMETER[&amp;quot;False_Easting&amp;quot;,155000.0],PARAMETER[&amp;quot;False_Northing&amp;quot;,463000.0],PARAMETER[&amp;quot;Central_Meridian&amp;quot;,5.38763888888889],PARAMETER[&amp;quot;Scale_Factor&amp;quot;,0.9999079],PARAMETER[&amp;quot;Latitude_Of_Origin&amp;quot;,52.15616055555555],UNIT[&amp;quot;Meter&amp;quot;,1.0],AUTHORITY[&amp;quot;EPSG&amp;quot;,28992]]&lt;/WKT&gt;&lt;XOrigin&gt;-10000&lt;/XOrigin&gt;&lt;YOrigin&gt;290000&lt;/YOrigin&gt;&lt;XYScale&gt;2000&lt;/XYScale&gt;&lt;ZOrigin&gt;-100000&lt;/ZOrigin&gt;&lt;ZScale&gt;10000&lt;/ZScale&gt;&lt;MOrigin&gt;-100000&lt;/MOrigin&gt;&lt;MScale&gt;10000&lt;/MScale&gt;&lt;XYTolerance&gt;0.001&lt;/XYTolerance&gt;&lt;ZTolerance&gt;0.001&lt;/ZTolerance&gt;&lt;MTolerance&gt;0.001&lt;/MTolerance&gt;&lt;HighPrecision&gt;true&lt;/HighPrecision&gt;&lt;WKID&gt;28992&lt;/WKID&gt;&lt;LatestWKID&gt;28992&lt;/LatestWKID&gt;&lt;/ProjectedCoordinateSystem&gt;</peXml></coordRef><lineage><Process ToolSource="C:\Program Files (x86)\ArcGIS\Desktop10.0\ArcToolbox\Toolboxes\Analysis Tools.tbx\Select" Date="20131111" Time="150148">Select "Database Connections\TOP10NL.sde\TOP10NL.WEGDEEL_HARTLIJN" C:\Content\Data\Data\Landsdekkend\Kadaster\TOP10NLconversieGMLtoFGDB\Output_data\TOP10NL.gdb\WEGDEEL_HARTLIJN #</Process><Process ToolSource="C:\Program Files (x86)\ArcGIS\Desktop10.0\ArcToolbox\Toolboxes\Data Management Tools.tbx\AddIndex" Date="20131111" Time="150205">AddIndex C:\Content\Data\Data\Landsdekkend\Kadaster\TOP10NLconversieGMLtoFGDB\Output_data\TOP10NL.gdb\WEGDEEL_HARTLIJN TOP10_ID WEGDEEL_HARTLIJN_IDX NON_UNIQUE NON_ASCENDING</Process><Process ToolSource="C:\Program Files (x86)\ArcGIS\Desktop10.0\ArcToolbox\Toolboxes\Data Management Tools.tbx\AddIndex" Date="20131111" Time="160035">AddIndex C:\Content\Data\Data\Landsdekkend\Kadaster\TOP10NLconversieGMLtoFGDB\Output_data\TOP10NL.gdb\WEGDEEL_HARTLIJN AANTALRIJSTROKEN AANTALRIJSTROKEN_IDX NON_UNIQUE NON_ASCENDING</Process><Process ToolSource="C:\Program Files (x86)\ArcGIS\Desktop10.0\ArcToolbox\Toolboxes\Data Management Tools.tbx\AddIndex" Date="20131111" Time="160044">AddIndex C:\Content\Data\Data\Landsdekkend\Kadaster\TOP10NLconversieGMLtoFGDB\Output_data\TOP10NL.gdb\WEGDEEL_HARTLIJN FYSIEKVOORKOMEN_1 FYSIEKVOORKOMEN_1_IDX NON_UNIQUE NON_ASCENDING</Process><Process ToolSource="C:\Program Files (x86)\ArcGIS\Desktop10.0\ArcToolbox\Toolboxes\Data Management Tools.tbx\AddIndex" Date="20131111" Time="160053">AddIndex C:\Content\Data\Data\Landsdekkend\Kadaster\TOP10NLconversieGMLtoFGDB\Output_data\TOP10NL.gdb\WEGDEEL_HARTLIJN FYSIEKVOORKOMEN_CSV FYSIEKVOORKOMEN_CSV_IDX NON_UNIQUE NON_ASCENDING</Process><Process ToolSource="C:\Program Files (x86)\ArcGIS\Desktop10.0\ArcToolbox\Toolboxes\Data Management Tools.tbx\AddIndex" Date="20131111" Time="160112">AddIndex C:\Content\Data\Data\Landsdekkend\Kadaster\TOP10NLconversieGMLtoFGDB\Output_data\TOP10NL.gdb\WEGDEEL_HARTLIJN GESCHEIDENRIJBAAN GESCHEIDENRIJBAAN_IDX NON_UNIQUE NON_ASCENDING</Process><Process ToolSource="C:\Program Files (x86)\ArcGIS\Desktop10.0\ArcToolbox\Toolboxes\Data Management Tools.tbx\AddIndex" Date="20131111" Time="160136">AddIndex C:\Content\Data\Data\Landsdekkend\Kadaster\TOP10NLconversieGMLtoFGDB\Output_data\TOP10NL.gdb\WEGDEEL_HARTLIJN HOOFDVERKEERSGEBRUIK_1 HOOFDVERKEERSGEBRUIK_1_IDX NON_UNIQUE NON_ASCENDING</Process><Process ToolSource="C:\Program Files (x86)\ArcGIS\Desktop10.0\ArcToolbox\Toolboxes\Data Management Tools.tbx\AddIndex" Date="20131111" Time="160204">AddIndex C:\Content\Data\Data\Landsdekkend\Kadaster\TOP10NLconversieGMLtoFGDB\Output_data\TOP10NL.gdb\WEGDEEL_HARTLIJN HOOFDVERKEERSGEBRUIK_CSV HOOFDVERKEERSGEBRUIK_CSV_IDX NON_UNIQUE NON_ASCENDING</Process><Process ToolSource="C:\Program Files (x86)\ArcGIS\Desktop10.0\ArcToolbox\Toolboxes\Data Management Tools.tbx\AddIndex" Date="20131111" Time="160225">AddIndex C:\Content\Data\Data\Landsdekkend\Kadaster\TOP10NLconversieGMLtoFGDB\Output_data\TOP10NL.gdb\WEGDEEL_HARTLIJN TYPEINFRASTRUCTUUR TYPEINFRASTRUCTUUR_IDX NON_UNIQUE NON_ASCENDING</Process><Process ToolSource="C:\Program Files (x86)\ArcGIS\Desktop10.0\ArcToolbox\Toolboxes\Data Management Tools.tbx\AddIndex" Date="20131111" Time="160248">AddIndex C:\Content\Data\Data\Landsdekkend\Kadaster\TOP10NLconversieGMLtoFGDB\Output_data\TOP10NL.gdb\WEGDEEL_HARTLIJN TYPEWEG_1 TYPEWEG_1_IDX NON_UNIQUE NON_ASCENDING</Process><Process ToolSource="C:\Program Files (x86)\ArcGIS\Desktop10.0\ArcToolbox\Toolboxes\Data Management Tools.tbx\AddIndex" Date="20131111" Time="160316">AddIndex C:\Content\Data\Data\Landsdekkend\Kadaster\TOP10NLconversieGMLtoFGDB\Output_data\TOP10NL.gdb\WEGDEEL_HARTLIJN TYPEWEG_CSV TYPEWEG_CSV_IDX NON_UNIQUE NON_ASCENDING</Process><Process ToolSource="C:\Program Files (x86)\ArcGIS\Desktop10.0\ArcToolbox\Toolboxes\Data Management Tools.tbx\AddIndex" Date="20131111" Time="160337">AddIndex C:\Content\Data\Data\Landsdekkend\Kadaster\TOP10NLconversieGMLtoFGDB\Output_data\TOP10NL.gdb\WEGDEEL_HARTLIJN VERHARDINGSBREEDTEKLASSE VERHARDINGSBREEDTEKLASSE_IDX NON_UNIQUE NON_ASCENDING</Process><Process ToolSource="C:\Program Files (x86)\ArcGIS\Desktop10.0\ArcToolbox\Toolboxes\Data Management Tools.tbx\AddIndex" Date="20131111" Time="160359">AddIndex C:\Content\Data\Data\Landsdekkend\Kadaster\TOP10NLconversieGMLtoFGDB\Output_data\TOP10NL.gdb\WEGDEEL_HARTLIJN VERHARDINGSTYPE VERHARDINGSTYPE_IDX NON_UNIQUE NON_ASCENDING</Process><Process ToolSource="C:\Program Files (x86)\ArcGIS\Desktop10.0\ArcToolbox\Toolboxes\Data Management Tools.tbx\AddIndex" Date="20131111" Time="160417">AddIndex C:\Content\Data\Data\Landsdekkend\Kadaster\TOP10NLconversieGMLtoFGDB\Output_data\TOP10NL.gdb\WEGDEEL_HARTLIJN HOOGTENIVEAU HOOGTENIVEAU_IDX NON_UNIQUE NON_ASCENDING</Process><Process ToolSource="C:\Program Files (x86)\ArcGIS\Desktop10.0\ArcToolbox\Toolboxes\Data Management Tools.tbx\AddIndex" Date="20131111" Time="160439">AddIndex C:\Content\Data\Data\Landsdekkend\Kadaster\TOP10NLconversieGMLtoFGDB\Output_data\TOP10NL.gdb\WEGDEEL_HARTLIJN STATUS STATUS_IDX NON_UNIQUE NON_ASCENDING</Process><Process ToolSource="C:\Program Files (x86)\ArcGIS\Desktop10.0\ArcToolbox\Toolboxes\Data Management Tools.tbx\AddIndex" Date="20131111" Time="160501">AddIndex C:\Content\Data\Data\Landsdekkend\Kadaster\TOP10NLconversieGMLtoFGDB\Output_data\TOP10NL.gdb\WEGDEEL_HARTLIJN BRONTYPE BRONTYPE_IDX NON_UNIQUE NON_ASCENDING</Process><Process ToolSource="C:\Program Files (x86)\ArcGIS\Desktop10.0\ArcToolbox\Toolboxes\Data Management Tools.tbx\AddIndex" Date="20131111" Time="160518">AddIndex C:\Content\Data\Data\Landsdekkend\Kadaster\TOP10NLconversieGMLtoFGDB\Output_data\TOP10NL.gdb\WEGDEEL_HARTLIJN VISUALISATIECODE VISUALISATIECODE_IDX NON_UNIQUE NON_ASCENDING</Process><Process ToolSource="C:\Program Files (x86)\ArcGIS\Desktop10.0\ArcToolbox\Toolboxes\Data Management Tools.tbx\AddIndex" Date="20131111" Time="160536">AddIndex C:\Content\Data\Data\Landsdekkend\Kadaster\TOP10NLconversieGMLtoFGDB\Output_data\TOP10NL.gdb\WEGDEEL_HARTLIJN TDN_CODE TDN_CODE_IDX NON_UNIQUE NON_ASCENDING</Process><Process ToolSource="c:\program files (x86)\arcgis\desktop10.3\ArcToolbox\Toolboxes\Analysis Tools.tbx\Clip" Date="20160104" Time="125557">Clip "G:\Data Database\TOP10NL\TOP10NL.gdb\WEGDEEL_HARTLIJN" CBS_ROT_BUFF2000 "G:\New File Geodatabase.gdb\TOP10NL_WEGDEEL_HARTLIJn_ROTEO2000" #</Process></lineage></DataProperties><SyncDate>20160104</SyncDate><SyncTime>12554700</SyncTime><ModDate>20160104</ModDate><ModTime>12554700</ModTime></Esri><dataIdInfo><envirDesc Sync="TRUE"> Version 6.2 (Build 9200) ; Esri ArcGIS 10.3.1.4959</envirDesc><dataLang><languageCode value="eng" Sync="TRUE"></languageCode><countryCode value="GBR" Sync="TRUE"></countryCode></dataLang><idCitation><resTitle Sync="TRUE">TOP10NL_WEGDEEL_HARTLIJn_ROTEO2000</resTitle><presForm><PresFormCd value="005" Sync="TRUE"></PresFormCd></presForm></idCitation><spatRpType><SpatRepTypCd value="001" Sync="TRUE"></SpatRepTypCd></spatRpType></dataIdInfo><mdLang><languageCode value="eng" Sync="TRUE"></languageCode><countryCode value="GBR" Sync="TRUE"></countryCode></mdLang><mdChar><CharSetCd value="004" Sync="TRUE"></CharSetCd></mdChar><distInfo><distFormat><formatName Sync="TRUE">File Geodatabase Feature Class</formatName></distFormat></distInfo><mdHrLv><ScopeCd value="005" Sync="TRUE"></ScopeCd></mdHrLv><mdHrLvName Sync="TRUE">dataset</mdHrLvName><refSysInfo><RefSystem><refSysID><identCode code="28992" Sync="TRUE"></identCode><idCodeSpace Sync="TRUE">EPSG</idCodeSpace><idVersion Sync="TRUE">8.6.2</idVersion></refSysID></RefSystem></refSysInfo><spatRepInfo><VectSpatRep><geometObjs Name="TOP10NL_WEGDEEL_HARTLIJn_ROTEO2000"><geoObjTyp><GeoObjTypCd value="002" Sync="TRUE"></GeoObjTypCd></geoObjTyp><geoObjCnt Sync="TRUE">0</geoObjCnt></geometObjs><topLvl><TopoLevCd value="001" Sync="TRUE"></TopoLevCd></topLvl></VectSpatRep></spatRepInfo><spdoinfo><ptvctinf><esriterm Name="TOP10NL_WEGDEEL_HARTLIJn_ROTEO2000"><efeatyp Sync="TRUE">Simple</efeatyp><efeageom code="3" Sync="TRUE"></efeageom><esritopo Sync="TRUE">FALSE</esritopo><efeacnt Sync="TRUE">0</efeacnt><spindex Sync="TRUE">TRUE</spindex><linrefer Sync="TRUE">FALSE</linrefer></esriterm></ptvctinf></spdoinfo><eainfo><detailed Name="TOP10NL_WEGDEEL_HARTLIJn_ROTEO2000"><enttyp><enttypl Sync="TRUE">TOP10NL_WEGDEEL_HARTLIJn_ROTEO2000</enttypl><enttypt Sync="TRUE">Feature Class</enttypt><enttypc Sync="TRUE">0</enttypc></enttyp><attr><attrlabl Sync="TRUE">OBJECTID</attrlabl><attalias Sync="TRUE">OBJECTID</attalias><attrtype Sync="TRUE">OID</attrtype><attwidth Sync="TRUE">4</attwidth><atprecis Sync="TRUE">0</atprecis><attscale Sync="TRUE">0</attscale><attrdef Sync="TRUE">Internal feature number.</attrdef><attrdefs Sync="TRUE">ESRI</attrdefs><attrdomv><udom Sync="TRUE">Sequential unique whole numbers that are automatically generated.</udom></attrdomv></attr><attr><attrlabl Sync="TRUE">GEOMETRIE</attrlabl><attalias Sync="TRUE">GEOMETRIE</attalias><attrtype Sync="TRUE">Geometry</attrtype><attwidth Sync="TRUE">0</attwidth><atprecis Sync="TRUE">0</atprecis><attscale Sync="TRUE">0</attscale></attr><attr><attrlabl Sync="TRUE">IDENTIFICATIE</attrlabl><attalias Sync="TRUE">IDENTIFICATIE</attalias><attrtype Sync="TRUE">String</attrtype><attwidth Sync="TRUE">25</attwidth><atprecis Sync="TRUE">0</atprecis><attscale Sync="TRUE">0</attscale></attr><attr><attrlabl Sync="TRUE">TOP10_ID</attrlabl><attalias Sync="TRUE">TOP10_ID</attalias><attrtype Sync="TRUE">Integer</attrtype><attwidth Sync="TRUE">4</attwidth><atprecis Sync="TRUE">0</atprecis><attscale Sync="TRUE">0</attscale></attr><attr><attrlabl Sync="TRUE">AANTALRIJSTROKEN</attrlabl><attalias Sync="TRUE">AANTALRIJSTROKEN</attalias><attrtype Sync="TRUE">SmallInteger</attrtype><attwidth Sync="TRUE">2</attwidth><atprecis Sync="TRUE">0</atprecis><attscale Sync="TRUE">0</attscale></attr><attr><attrlabl Sync="TRUE">FYSIEKVOORKOMEN_1</attrlabl><attalias Sync="TRUE">FYSIEKVOORKOMEN_1</attalias><attrtype Sync="TRUE">String</attrtype><attwidth Sync="TRUE">40</attwidth><atprecis Sync="TRUE">0</atprecis><attscale Sync="TRUE">0</attscale></attr><attr><attrlabl Sync="TRUE">FYSIEKVOORKOMEN_CSV</attrlabl><attalias Sync="TRUE">FYSIEKVOORKOMEN_CSV</attalias><attrtype Sync="TRUE">String</attrtype><attwidth Sync="TRUE">120</attwidth><atprecis Sync="TRUE">0</atprecis><attscale Sync="TRUE">0</attscale></attr><attr><attrlabl Sync="TRUE">GESCHEIDENRIJBAAN</attrlabl><attalias Sync="TRUE">GESCHEIDENRIJBAAN</attalias><attrtype Sync="TRUE">String</attrtype><attwidth Sync="TRUE">3</attwidth><atprecis Sync="TRUE">0</atprecis><attscale Sync="TRUE">0</attscale></attr><attr><attrlabl Sync="TRUE">HOOFDVERKEERSGEBRUIK_1</attrlabl><attalias Sync="TRUE">HOOFDVERKEERSGEBRUIK_1</attalias><attrtype Sync="TRUE">String</attrtype><attwidth Sync="TRUE">36</attwidth><atprecis Sync="TRUE">0</atprecis><attscale Sync="TRUE">0</attscale></attr><attr><attrlabl Sync="TRUE">HOOFDVERKEERSGEBRUIK_CSV</attrlabl><attalias Sync="TRUE">HOOFDVERKEERSGEBRUIK_CSV</attalias><attrtype Sync="TRUE">String</attrtype><attwidth Sync="TRUE">120</attwidth><atprecis Sync="TRUE">0</atprecis><attscale Sync="TRUE">0</attscale></attr><attr><attrlabl Sync="TRUE">TYPEINFRASTRUCTUUR</attrlabl><attalias Sync="TRUE">TYPEINFRASTRUCTUUR</attalias><attrtype Sync="TRUE">String</attrtype><attwidth Sync="TRUE">25</attwidth><atprecis Sync="TRUE">0</atprecis><attscale Sync="TRUE">0</attscale></attr><attr><attrlabl Sync="TRUE">TYPEWEG_1</attrlabl><attalias Sync="TRUE">TYPEWEG_1</attalias><attrtype Sync="TRUE">String</attrtype><attwidth Sync="TRUE">30</attwidth><atprecis Sync="TRUE">0</atprecis><attscale Sync="TRUE">0</attscale></attr><attr><attrlabl Sync="TRUE">TYPEWEG_CSV</attrlabl><attalias Sync="TRUE">TYPEWEG_CSV</attalias><attrtype Sync="TRUE">String</attrtype><attwidth Sync="TRUE">120</attwidth><atprecis Sync="TRUE">0</atprecis><attscale Sync="TRUE">0</attscale></attr><attr><attrlabl Sync="TRUE">VERHARDINGSBREEDTE</attrlabl><attalias Sync="TRUE">VERHARDINGSBREEDTE</attalias><attrtype Sync="TRUE">Double</attrtype><attwidth Sync="TRUE">8</attwidth><atprecis Sync="TRUE">0</atprecis><attscale Sync="TRUE">0</attscale></attr><attr><attrlabl Sync="TRUE">VERHARDINGSBREEDTEKLASSE</attrlabl><attalias Sync="TRUE">VERHARDINGSBREEDTEKLASSE</attalias><attrtype Sync="TRUE">String</attrtype><attwidth Sync="TRUE">15</attwidth><atprecis Sync="TRUE">0</atprecis><attscale Sync="TRUE">0</attscale></attr><attr><attrlabl Sync="TRUE">VERHARDINGSTYPE</attrlabl><attalias Sync="TRUE">VERHARDINGSTYPE</attalias><attrtype Sync="TRUE">String</attrtype><attwidth Sync="TRUE">25</attwidth><atprecis Sync="TRUE">0</atprecis><attscale Sync="TRUE">0</attscale></attr><attr><attrlabl Sync="TRUE">AFRITNUMMER</attrlabl><attalias Sync="TRUE">AFRITNUMMER</attalias><attrtype Sync="TRUE">String</attrtype><attwidth Sync="TRUE">12</attwidth><atprecis Sync="TRUE">0</atprecis><attscale Sync="TRUE">0</attscale></attr><attr><attrlabl Sync="TRUE">AWEGNUMMER_CSV</attrlabl><attalias Sync="TRUE">AWEGNUMMER_CSV</attalias><attrtype Sync="TRUE">String</attrtype><attwidth Sync="TRUE">40</attwidth><atprecis Sync="TRUE">0</atprecis><attscale Sync="TRUE">0</attscale></attr><attr><attrlabl Sync="TRUE">EWEGNUMMER_CSV</attrlabl><attalias Sync="TRUE">EWEGNUMMER_CSV</attalias><attrtype Sync="TRUE">String</attrtype><attwidth Sync="TRUE">40</attwidth><atprecis Sync="TRUE">0</atprecis><attscale Sync="TRUE">0</attscale></attr><attr><attrlabl Sync="TRUE">NWEGNUMMER_CSV</attrlabl><attalias Sync="TRUE">NWEGNUMMER_CSV</attalias><attrtype Sync="TRUE">String</attrtype><attwidth Sync="TRUE">40</attwidth><atprecis Sync="TRUE">0</atprecis><attscale Sync="TRUE">0</attscale></attr><attr><attrlabl Sync="TRUE">SWEGNUMMER_CSV</attrlabl><attalias Sync="TRUE">SWEGNUMMER_CSV</attalias><attrtype Sync="TRUE">String</attrtype><attwidth Sync="TRUE">40</attwidth><atprecis Sync="TRUE">0</atprecis><attscale Sync="TRUE">0</attscale></attr><attr><attrlabl Sync="TRUE">STRAATNAAM_NL_CSV</attrlabl><attalias Sync="TRUE">STRAATNAAM_NL_CSV</attalias><attrtype Sync="TRUE">String</attrtype><attwidth Sync="TRUE">200</attwidth><atprecis Sync="TRUE">0</atprecis><attscale Sync="TRUE">0</attscale></attr><attr><attrlabl Sync="TRUE">STRAATNAAM_FR_CSV</attrlabl><attalias Sync="TRUE">STRAATNAAM_FR_CSV</attalias><attrtype Sync="TRUE">String</attrtype><attwidth Sync="TRUE">200</attwidth><atprecis Sync="TRUE">0</atprecis><attscale Sync="TRUE">0</attscale></attr><attr><attrlabl Sync="TRUE">AFRITNAAM</attrlabl><attalias Sync="TRUE">AFRITNAAM</attalias><attrtype Sync="TRUE">String</attrtype><attwidth Sync="TRUE">100</attwidth><atprecis Sync="TRUE">0</atprecis><attscale Sync="TRUE">0</attscale></attr><attr><attrlabl Sync="TRUE">KNOOPPUNTNAAM</attrlabl><attalias Sync="TRUE">KNOOPPUNTNAAM</attalias><attrtype Sync="TRUE">String</attrtype><attwidth Sync="TRUE">100</attwidth><atprecis Sync="TRUE">0</atprecis><attscale Sync="TRUE">0</attscale></attr><attr><attrlabl Sync="TRUE">BRUGNAAM</attrlabl><attalias Sync="TRUE">BRUGNAAM</attalias><attrtype Sync="TRUE">String</attrtype><attwidth Sync="TRUE">100</attwidth><atprecis Sync="TRUE">0</atprecis><attscale Sync="TRUE">0</attscale></attr><attr><attrlabl Sync="TRUE">TUNNELNAAM</attrlabl><attalias Sync="TRUE">TUNNELNAAM</attalias><attrtype Sync="TRUE">String</attrtype><attwidth Sync="TRUE">100</attwidth><atprecis Sync="TRUE">0</atprecis><attscale Sync="TRUE">0</attscale></attr><attr><attrlabl Sync="TRUE">HOOGTENIVEAU</attrlabl><attalias Sync="TRUE">HOOGTENIVEAU</attalias><attrtype Sync="TRUE">Integer</attrtype><attwidth Sync="TRUE">4</attwidth><atprecis Sync="TRUE">0</atprecis><attscale Sync="TRUE">0</attscale></attr><attr><attrlabl Sync="TRUE">STATUS</attrlabl><attalias Sync="TRUE">STATUS</attalias><attrtype Sync="TRUE">String</attrtype><attwidth Sync="TRUE">34</attwidth><atprecis Sync="TRUE">0</atprecis><attscale Sync="TRUE">0</attscale></attr><attr><attrlabl Sync="TRUE">DIMENSIE</attrlabl><attalias Sync="TRUE">DIMENSIE</attalias><attrtype Sync="TRUE">String</attrtype><attwidth Sync="TRUE">2</attwidth><atprecis Sync="TRUE">0</atprecis><attscale Sync="TRUE">0</attscale></attr><attr><attrlabl Sync="TRUE">OBJECTBEGINTIJD</attrlabl><attalias Sync="TRUE">OBJECTBEGINTIJD</attalias><attrtype Sync="TRUE">Date</attrtype><attwidth Sync="TRUE">8</attwidth><atprecis Sync="TRUE">0</atprecis><attscale Sync="TRUE">0</attscale></attr><attr><attrlabl Sync="TRUE">OBJECTEINDTIJD</attrlabl><attalias Sync="TRUE">OBJECTEINDTIJD</attalias><attrtype Sync="TRUE">Date</attrtype><attwidth Sync="TRUE">8</attwidth><atprecis Sync="TRUE">0</atprecis><attscale Sync="TRUE">0</attscale></attr><attr><attrlabl Sync="TRUE">VERSIEBEGINTIJD</attrlabl><attalias Sync="TRUE">VERSIEBEGINTIJD</attalias><attrtype Sync="TRUE">Date</attrtype><attwidth Sync="TRUE">8</attwidth><atprecis Sync="TRUE">0</atprecis><attscale Sync="TRUE">0</attscale></attr><attr><attrlabl Sync="TRUE">VERSIEEINDTIJD</attrlabl><attalias Sync="TRUE">VERSIEEINDTIJD</attalias><attrtype Sync="TRUE">Date</attrtype><attwidth Sync="TRUE">8</attwidth><atprecis Sync="TRUE">0</atprecis><attscale Sync="TRUE">0</attscale></attr><attr><attrlabl Sync="TRUE">BRONACTUALITEIT</attrlabl><attalias Sync="TRUE">BRONACTUALITEIT</attalias><attrtype Sync="TRUE">Date</attrtype><attwidth Sync="TRUE">8</attwidth><atprecis Sync="TRUE">0</atprecis><attscale Sync="TRUE">0</attscale></attr><attr><attrlabl Sync="TRUE">BRONBESCHRIJVING</attrlabl><attalias Sync="TRUE">BRONBESCHRIJVING</attalias><attrtype Sync="TRUE">String</attrtype><attwidth Sync="TRUE">250</attwidth><atprecis Sync="TRUE">0</atprecis><attscale Sync="TRUE">0</attscale></attr><attr><attrlabl Sync="TRUE">BRONNAUWKEURIGHEID</attrlabl><attalias Sync="TRUE">BRONNAUWKEURIGHEID</attalias><attrtype Sync="TRUE">Double</attrtype><attwidth Sync="TRUE">8</attwidth><atprecis Sync="TRUE">0</atprecis><attscale Sync="TRUE">0</attscale></attr><attr><attrlabl Sync="TRUE">BRONTYPE</attrlabl><attalias Sync="TRUE">BRONTYPE</attalias><attrtype Sync="TRUE">String</attrtype><attwidth Sync="TRUE">25</attwidth><atprecis Sync="TRUE">0</atprecis><attscale Sync="TRUE">0</attscale></attr><attr><attrlabl Sync="TRUE">TDN_CODE</attrlabl><attalias Sync="TRUE">TDN_CODE</attalias><attrtype Sync="TRUE">Integer</attrtype><attwidth Sync="TRUE">4</attwidth><atprecis Sync="TRUE">0</atprecis><attscale Sync="TRUE">0</attscale></attr><attr><attrlabl Sync="TRUE">VISUALISATIECODE</attrlabl><attalias Sync="TRUE">VISUALISATIECODE</attalias><attrtype Sync="TRUE">Integer</attrtype><attwidth Sync="TRUE">4</attwidth><atprecis Sync="TRUE">0</atprecis><attscale Sync="TRUE">0</attscale></attr><attr><attrlabl Sync="TRUE">GEOMETRIE_Length</attrlabl><attalias Sync="TRUE">GEOMETRIE_Length</attalias><attrtype Sync="TRUE">Double</attrtype><attwidth Sync="TRUE">8</attwidth><atprecis Sync="TRUE">0</atprecis><attscale Sync="TRUE">0</attscale></attr></detailed></eainfo><mdDateSt Sync="TRUE">20160104</mdDateSt></metadata>
